"Reasonable alignment with key structural elements (walls, columns);High flexibility for parametric editing;Support for coordination with other disciplines","Reasonable alignment with key structural elements (walls, columns);High flexibility for parametric editing;Support for coordination with other disciplines","Reasonable alignment with key structural elements (walls, columns);High flexibility for parametric editing;Support for coordination with other disciplines","Reasonable alignment with key structural elements (walls, columns)","Reasonable alignment with key structural elements (walls, columns);High flexibility for parametric editing;Support for coordination with other disciplines","Reasonable alignment with key structural elements (walls, columns);High flexibility for parametric editing;Support for coordination with other disciplines","Reasonable alignment with key structural elements (walls, columns);High flexibility for parametric editing;Support for coordination with other disciplines","Reasonable alignment with key structural elements (walls, columns);Well-proportioned grid coverage;Minimal redundant grid lines;High flexibility for parametric editing;Support for coordination with other disciplines"
"Reasonable alignment with key structural elements (walls, columns);Well-proportioned grid coverage","Reasonable alignment with key structural elements (walls, columns);Well-proportioned grid coverage","Reasonable alignment with key structural elements (walls, columns);Well-proportioned grid coverage;High flexibility for parametric editing","Reasonable alignment with key structural elements (walls, columns);Well-proportioned grid coverage;Minimal redundant grid lines","Reasonable alignment with key structural elements (walls, columns);Well-proportioned grid coverage","Reasonable alignment with key structural elements (walls, columns);Well-proportioned grid coverage","Reasonable alignment with key structural elements (walls, columns);Well-proportioned grid coverage","Reasonable alignment with key structural elements (walls, columns);Well-proportioned grid coverage"
"Reasonable alignment with key structural elements (walls, columns)","Reasonable alignment with key structural elements (walls, columns);Well-proportioned grid coverage","Reasonable alignment with key structural elements (walls, columns);Well-proportioned grid coverage","Reasonable alignment with key structural elements (walls, columns);Well-proportioned grid coverage","Reasonable alignment with key structural elements (walls, columns);Well-proportioned grid coverage;Minimal redundant grid lines","Reasonable alignment with key structural elements (walls, columns);Well-proportioned grid coverage","Reasonable alignment with key structural elements (walls, columns);Well-proportioned grid coverage","Reasonable alignment with key structural elements (walls, columns)"
"Reasonable alignment with key structural elements (walls, columns);Well-proportioned grid coverage;Minimal redundant grid lines;High flexibility for parametric editing","Reasonable alignment with key structural elements (walls, columns);Well-proportioned grid coverage;High flexibility for parametric editing","Reasonable alignment with key structural elements (walls, columns);Well-proportioned grid coverage;Minimal redundant grid lines;High flexibility for parametric editing",Well-proportioned grid coverage;Minimal redundant grid lines,"Reasonable alignment with key structural elements (walls, columns);Well-proportioned grid coverage;Minimal redundant grid lines","Reasonable alignment with key structural elements (walls, columns);Well-proportioned grid coverage;Minimal redundant grid lines;High flexibility for parametric editing","Reasonable alignment with key structural elements (walls, columns);Well-proportioned grid coverage;Minimal redundant grid lines",Well-proportioned grid coverage;Minimal redundant grid lines
"Reasonable alignment with key structural elements (walls, columns);Well-proportioned grid coverage","Reasonable alignment with key structural elements (walls, columns);Well-proportioned grid coverage","Reasonable alignment with key structural elements (walls, columns);Well-proportioned grid coverage",Minimal redundant grid lines,Well-proportioned grid coverage;Minimal redundant grid lines,Well-proportioned grid coverage;Minimal redundant grid lines,Well-proportioned grid coverage;Minimal redundant grid lines,"Reasonable alignment with key structural elements (walls, columns);Well-proportioned grid coverage;Minimal redundant grid lines"
"Reasonable alignment with key structural elements (walls, columns);Well-proportioned grid coverage;Minimal redundant grid lines;High flexibility for parametric editing;Support for coordination with other disciplines","Reasonable alignment with key structural elements (walls, columns);Well-proportioned grid coverage;Minimal redundant grid lines;High flexibility for parametric editing;Support for coordination with other disciplines","Reasonable alignment with key structural elements (walls, columns);Well-proportioned grid coverage;Minimal redundant grid lines;High flexibility for parametric editing;Support for coordination with other disciplines","Reasonable alignment with key structural elements (walls, columns);Support for coordination with other disciplines","Reasonable alignment with key structural elements (walls, columns);Well-proportioned grid coverage;Support for coordination with other disciplines","Reasonable alignment with key structural elements (walls, columns);Well-proportioned grid coverage;Minimal redundant grid lines","Reasonable alignment with key structural elements (walls, columns);Well-proportioned grid coverage;Minimal redundant grid lines","Reasonable alignment with key structural elements (walls, columns);Well-proportioned grid coverage;Minimal redundant grid lines"
"Reasonable alignment with key structural elements (walls, columns);High flexibility for parametric editing;Support for coordination with other disciplines","Reasonable alignment with key structural elements (walls, columns);High flexibility for parametric editing;Support for coordination with other disciplines","Reasonable alignment with key structural elements (walls, columns);High flexibility for parametric editing;Support for coordination with other disciplines",visibility,"Reasonable alignment with key structural elements (walls, columns);High flexibility for parametric editing;Support for coordination with other disciplines",missing references,"Reasonable alignment with key structural elements (walls, columns);Well-proportioned grid coverage","Reasonable alignment with key structural elements (walls, columns);Well-proportioned grid coverage"
"Reasonable alignment with key structural elements (walls, columns);Well-proportioned grid coverage;Minimal redundant grid lines","Reasonable alignment with key structural elements (walls, columns);Minimal redundant grid lines;High flexibility for parametric editing","Reasonable alignment with key structural elements (walls, columns);Well-proportioned grid coverage;Minimal redundant grid lines;Support for coordination with other disciplines","Reasonable alignment with key structural elements (walls, columns);Minimal redundant grid lines","Reasonable alignment with key structural elements (walls, columns)","Reasonable alignment with key structural elements (walls, columns);High flexibility for parametric editing;Support for coordination with other disciplines",Minimal redundant grid lines,"Reasonable alignment with key structural elements (walls, columns);Well-proportioned grid coverage;Minimal redundant grid lines"
"Reasonable alignment with key structural elements (walls, columns);Well-proportioned grid coverage;Minimal redundant grid lines","Reasonable alignment with key structural elements (walls, columns);Well-proportioned grid coverage;Minimal redundant grid lines","Reasonable alignment with key structural elements (walls, columns);Well-proportioned grid coverage;Minimal redundant grid lines","i choose none of them, because some of them is too detailed and the other have missing key elements ","Reasonable alignment with key structural elements (walls, columns);Well-proportioned grid coverage;Minimal redundant grid lines","Reasonable alignment with key structural elements (walls, columns);Well-proportioned grid coverage;Minimal redundant grid lines","Reasonable alignment with key structural elements (walls, columns);Well-proportioned grid coverage;Minimal redundant grid lines","Reasonable alignment with key structural elements (walls, columns);Well-proportioned grid coverage;Minimal redundant grid lines"
"Reasonable alignment with key structural elements (walls, columns);Well-proportioned grid coverage","Reasonable alignment with key structural elements (walls, columns);Well-proportioned grid coverage;Minimal redundant grid lines;flexibile for parametric design","Reasonable alignment with key structural elements (walls, columns);Well-proportioned grid coverage;Minimal redundant grid lines;High flexibility for parametric editing","Reasonable alignment with key structural elements (walls, columns);Well-proportioned grid coverage;Minimal redundant grid lines;High flexibility for parametric editing;Support for coordination with other disciplines","Reasonable alignment with key structural elements (walls, columns);Well-proportioned grid coverage;Minimal redundant grid lines;High flexibility for parametric editing;Support for coordination with other disciplines","Reasonable alignment with key structural elements (walls, columns);Well-proportioned grid coverage;Minimal redundant grid lines;High flexibility for parametric editing;Support for coordination with other disciplines","Reasonable alignment with key structural elements (walls, columns);Well-proportioned grid coverage;Minimal redundant grid lines;High flexibility for parametric editing;Support for coordination with other disciplines","Reasonable alignment with key structural elements (walls, columns);Well-proportioned grid coverage;Minimal redundant grid lines;High flexibility for parametric editing;Support for coordination with other disciplines"
Well-proportioned grid coverage;High flexibility for parametric editing;Support for coordination with other disciplines,"Reasonable alignment with key structural elements (walls, columns);Well-proportioned grid coverage;Minimal redundant grid lines","Reasonable alignment with key structural elements (walls, columns);Well-proportioned grid coverage;High flexibility for parametric editing","Reasonable alignment with key structural elements (walls, columns);Well-proportioned grid coverage","Reasonable alignment with key structural elements (walls, columns);Well-proportioned grid coverage;Support for coordination with other disciplines","Reasonable alignment with key structural elements (walls, columns);Well-proportioned grid coverage","Reasonable alignment with key structural elements (walls, columns);Well-proportioned grid coverage",Well-proportioned grid coverage;High flexibility for parametric editing
