Timestamp,"Q0.1 What is your primary role in the AECO (Architecture, Engineering, Construction, and Operation) domain? (Please select one)
If multiple roles apply, please select the one that best represents your current or most frequent involvement.  ","Q0.2  Please indicate your total years of professional experience in the AECO domain. (Please select one)
This helps us understand how your perspective relates to design practice and project involvement.","Q0.3  How familiar are you with BIM and BIM-related parametric design workflows? 
For example (but not limited to):
Using tools such as Revit, Archicad, Rhino/Grasshopper, SketchUp, AutoCAD, Dynamo, Tekla Structures, SOFiSTiK, SAP2000, ETABS, Robot Structural Analysis, RFEM, Bentley STAAD.Pro, Bentley OpenBuildings, Allplan, Navisworks, or Civil 3D—especially for tasks involving parametric modeling, design coordination, or modular layouts—would be considered as familiarity with BIM-based design workflows.  ","Q0.4 In which country are you primarily based for your professional work?

This helps us understand the geographic context of your experience in AECO practices. You may skip this question if you prefer not to share this information.  ","Q1.1.1 Case 1 - Selection
Select the option you would most likely implement in practice.

The upper part shows a 3D view of the building and the selected floor.
The lower part presents a floor plan view, highlighting the main components—structural and non-structural walls, and structural columns—along with the proposed structural grids (in red) and non-structural grids (in blue).

If all 3 options were found to require major changes, please specify the issues under the “Other” response. ",Q1.1.2  What were the reasons for your preference? (Please select all that apply),"Q1.1.3 Case 1 - Improvement
Would you use the provided grid configuration as-is, and if not, what changes would you make based on it? ","Q1.1.4 Case 1 - Improvement
Would you use the provided grid configuration as-is, and if not, what changes would you make based on it?","Q1.1.5 For a design model shown in this case, approximately how much time would you spend creating a grid system from scratch for the whole building (assuming no pre-existing grids, no information about the original design intent, and no prior knowledge of the project)?
This may include tasks such as:
- Reviewing the 3D model
- Analyzing the global and local building layout
- Identifying structural and non-structural elements
- Placing grids across all floors
- Defining alignment relationships
- Setting distance parameters or modular spacing rules
Please estimate the time in minutes (You may also leave a short explanation if your estimate depends on specific assumptions or project factors in the 'Other' block):","Q1.2.1 Case 2 - Selection
Select the option you would most likely implement in practice.

The upper part shows a 3D view of the building and the selected floor.
The lower part presents a floor plan view, highlighting the main components—structural and non-structural walls, and structural columns—along with the proposed structural grids (in red) and non-structural grids (in blue). 

If all 3 options were found to require major changes, please specify the issues under the “Other” response.",Q1.2.2 What were the reasons for your preference? (Please select all that apply),"Q1.2.3 Case 2 - Improvement
Would you use the provided grid configuration as-is, and if not, what changes would you make based on it?","Q1.2.4 Case 2 - Improvement
Would you use the provided grid configuration as-is, and if not, what changes would you make based on it?","Q1.2.5 For a design model shown in this case, approximately how much time would you spend creating a grid system from scratch for the whole building (assuming no pre-existing grids, no information about the original design intent, and no prior knowledge of the project)?
This may include tasks such as:
- Reviewing the 3D model
- Analyzing the global and local building layout
- Identifying structural and non-structural elements
- Placing grids across all floors
- Defining alignment relationships
- Setting distance parameters or modular spacing rules
Please estimate the time in minutes (You may also leave a short explanation if your estimate depends on specific assumptions or project factors in the 'Other' block):","Q1.3.1 Case 3 - Selection
Select the option you would most likely implement in practice.

The upper part shows a 3D view of the building and the selected floor.
The lower part presents a floor plan view, highlighting the main components—structural and non-structural walls, and structural columns—along with the proposed structural grids (in red) and non-structural grids (in blue). 

If all 3 options were found to require major changes, please specify the issues under the “Other” response.",Q1.3.2  What were the reasons for your preference? (Please select all that apply),"Q1.3.3 Case 3 - Improvement
Would you use the provided grid configuration as-is, and if not, what changes would you make based on it?","Q1.3.4 Case 3 - Improvement
Would you use the provided grid configuration as-is, and if not, what changes would you make based on it?","Q1.3.5 For a design model shown in this case, approximately how much time would you spend creating a grid system from scratch for the whole building (assuming no pre-existing grids, no information about the original design intent, and no prior knowledge of the project)?
This may include tasks such as:
- Reviewing the 3D model
- Analyzing the global and local building layout
- Identifying structural and non-structural elements
- Placing grids across all floors
- Defining alignment relationships
- Setting distance parameters or modular spacing rules
Please estimate the time in minutes (You may also leave a short explanation if your estimate depends on specific assumptions or project factors in the 'Other' block):","Q1.4.1 Case 4 - Selection
Select the option you would most likely implement in practice.

The upper part shows a 3D view of the building and the selected floor.
The lower part presents a floor plan view, highlighting the main components—structural and non-structural walls, and structural columns—along with the proposed structural grids (in red) and non-structural grids (in blue).

If all 3 options were found to require major changes, please specify the issues under the “Other” response.",Q1.4.2 What were the reasons for your preference? (Please select all that apply),"Q1.4.3 Case 4 - Improvement
Would you use the provided grid configuration as-is, and if not, what changes would you make based on it?","Q1.4.4 Case 4 - Improvement
Would you use the provided grid configuration as-is, and if not, what changes would you make based on it?","Q1.4.5 For a design model shown in this case, approximately how much time would you spend creating a grid system from scratch for the whole building (assuming no pre-existing grids, no information about the original design intent, and no prior knowledge of the project)?
This may include tasks such as:
- Reviewing the 3D model
- Analyzing the global and local building layout
- Identifying structural and non-structural elements
- Placing grids across all floors
- Defining alignment relationships
- Setting distance parameters or modular spacing rules
Please estimate the time in minutes (You may also leave a short explanation if your estimate depends on specific assumptions or project factors in the 'Other' block):","Q1.5.1 Case 5 - Selection
Select the option you would most likely implement in practice.

The upper part shows a 3D view of the building and the selected floor.
The lower part presents a floor plan view, highlighting the main components—structural and non-structural walls, and structural columns—along with the proposed structural grids (in red) and non-structural grids (in blue). 

If all 3 options were found to require major changes, please specify the issues under the “Other” response.",Q1.5.2 What were the reasons for your preference? (Please select all that apply),"Q1.5.3 Case 5 - Improvement
Would you use the provided grid configuration as-is, and if not, what changes would you make based on it?","Q1.5.4 Case 5 - Improvement
Would you use the provided grid configuration as-is, and if not, what changes would you make based on it?","Q1.5.5 For a design model shown in this case, approximately how much time would you spend creating a grid system from scratch for the whole building (assuming no pre-existing grids, no information about the original design intent, and no prior knowledge of the project)?
This may include tasks such as:
- Reviewing the 3D model
- Analyzing the global and local building layout
- Identifying structural and non-structural elements
- Placing grids across all floors
- Defining alignment relationships
- Setting distance parameters or modular spacing rules
Please estimate the time in minutes (You may also leave a short explanation if your estimate depends on specific assumptions or project factors in the 'Other' block):","Q1.6.1 Case 6 - Selection
Select the option you would most likely implement in practice.

The upper part shows a 3D view of the building and the selected floor.
The lower part presents a floor plan view, highlighting the main components—structural and non-structural walls, and structural columns—along with the proposed structural grids (in red) and non-structural grids (in blue). 

If all 3 options were found to require major changes, please specify the issues under the “Other” response.",Q1.6.2 What were the reasons for your preference? (Please select all that apply),"Q1.6.3 Case 6 - Improvement
Would you use the provided grid configuration as-is, and if not, what changes would you make based on it?","Q1.6.4 Case 6 - Improvement
Would you use the provided grid configuration as-is, and if not, what changes would you make based on it?","Q1.6.5 For a design model shown in this case, approximately how much time would you spend creating a grid system from scratch for the whole building (assuming no pre-existing grids, no information about the original design intent, and no prior knowledge of the project)?
This may include tasks such as:
- Reviewing the 3D model
- Analyzing the global and local building layout
- Identifying structural and non-structural elements
- Placing grids across all floors
- Defining alignment relationships
- Setting distance parameters or modular spacing rules
Please estimate the time in minutes (You may also leave a short explanation if your estimate depends on specific assumptions or project factors in the 'Other' block):","Q1.7.1 Case 7 - Selection
Select the option you would most likely implement in practice.

The upper part shows a 3D view of the building and the selected floor.
The lower part presents a floor plan view, highlighting the main components—structural and non-structural walls, and structural columns—along with the proposed structural grids (in red) and non-structural grids (in blue). 

If all 3 options were found to require major changes, please specify the issues under the “Other” response.",Q1.7.2 What were the reasons for your preference? (Please select all that apply),"Q1.7.3 Case 7 - Improvement
Would you use the provided grid configuration as-is, and if not, what changes would you make based on it?","Q1.7.4 Case 7 - Improvement
Would you use the provided grid configuration as-is, and if not, what changes would you make based on it?","Q1.7.5 For a design model shown in this case, approximately how much time would you spend creating a grid system from scratch for the whole building (assuming no pre-existing grids, no information about the original design intent, and no prior knowledge of the project)?
This may include tasks such as:
- Reviewing the 3D model
- Analyzing the global and local building layout
- Identifying structural and non-structural elements
- Placing grids across all floors
- Defining alignment relationships
- Setting distance parameters or modular spacing rules
Please estimate the time in minutes (You may also leave a short explanation if your estimate depends on specific assumptions or project factors in the 'Other' block):","Q1.8.1 Case 8 - Selection
Select the option you would most likely implement in practice.

The upper part shows a 3D view of the building and the selected floor.
The lower part presents a floor plan view, highlighting the main components—structural and non-structural walls, and structural columns—along with the proposed structural grids (in red) and non-structural grids (in blue). 

If all 3 options were found to require major changes, please specify the issues under the “Other” response.",Q1.8.2 What were the reasons for your preference? (Please select all that apply),"Q1.8.3 Case 8 - Improvement
Would you use the provided grid configuration as-is, and if not, what changes would you make based on it?","Q1.8.4 Case 8 - Improvement
Would you use the provided grid configuration as-is, and if not, what changes would you make based on it?","Q1.8.5 For a design model shown in this case, approximately how much time would you spend creating a grid system from scratch for the whole building (assuming no pre-existing grids, no information about the original design intent, and no prior knowledge of the project)?
This may include tasks such as:
- Reviewing the 3D model
- Analyzing the global and local building layout
- Identifying structural and non-structural elements
- Placing grids across all floors
- Defining alignment relationships
- Setting distance parameters or modular spacing rules
Please estimate the time in minutes (You may also leave a short explanation if your estimate depends on specific assumptions or project factors in the 'Other' block):","Q2.1 In your experience, how important are reference grids in supporting the design modeling and coordination processes? (Please rate it on a scale from 1 to 5)",Q2.2 Did any of the grid options present practical issues or layout conflicts? (Please select all that apply),"Q2.3 We acknowledge that expert review is generally necessary when using the grid options. To what extent do you believe expert intervention is required on average across all eight design cases? 
(Please rate on a scale from 1 to 5)
1 – The grid options are highly suitable and can be used directly without any modifications.
2 – The grid options are generally suitable and require only minor adjustments by designers.
3 – The grid options need moderate modifications to meet practical requirements.
4 – The results require extensive expert revisions and adjustments.
5 – The results are not suitable for practical use without a complete redesign or intervention.","Q2.4 We acknowledge that expert review is generally necessary when using the grid options. To what extent do you believe expert intervention is required on average across Manhattan-type design cases (with mostly orthogonal and regular layouts)? 
(Please rate on a scale from 1 to 5)
1 – The grid options are highly suitable and can be used directly without any modifications.
2 – The grid options are generally suitable and require only minor adjustments by designers.
3 – The grid options need moderate modifications to meet practical requirements.
4 – The results require extensive expert revisions and adjustments.
5 – The results are not suitable for practical use without a complete redesign or intervention.
The following are the options previously presented when asking whether the grids could be used directly or would require design modifications.","Q2.5 We acknowledge that expert review is generally necessary when using the grid options. To what extent do you believe expert intervention is required on average across more complex or irregular design cases (e.g., with non-orthogonal geometry, varying orientations, or unconventional layouts)  ? 
(Please rate on a scale from 1 to 5)
1 – The grid options are highly suitable and can be used directly without any modifications.
2 – The grid options are generally suitable and require only minor adjustments by designers.
3 – The grid options need moderate modifications to meet practical requirements.
4 – The results require extensive expert revisions and adjustments.
5 – The results are not suitable for practical use without a complete redesign or intervention.
The following are the options previously presented when asking whether the grids could be used directly or would require design modifications.","Q2.6 What aspects of automated grid generation do you find most useful or promising in your design workflow?
Feel free to mention specific tasks, benefits, or situations where it added value.","Q2.7 Do you have any suggestions or ideas for improving automated grid generation tools or their integration into design practice?
We welcome feedback related to usability, logic, visualization, or collaboration."
2025/05/19 8:00:49 am GMT-4,BIM Manager / BIM Coordinator,4–7 years,5,China,A,"Reasonable alignment with key structural elements (walls, columns);High flexibility for parametric editing;Support for coordination with other disciplines","Use as-is / Make only very minor changes;Add missing references (i.e., non-structural grids)","Add missing references (i.e., structural grids);Add missing references (i.e., non-structural grids)",20 - 30 mins,A,"Reasonable alignment with key structural elements (walls, columns);High flexibility for parametric editing;Support for coordination with other disciplines","Use as-is / Make only very minor changes;Add missing references (i.e., structural grids)","Add missing references (i.e., structural grids);Add missing references (i.e., non-structural grids)",20 - 30 mins,A,"Reasonable alignment with key structural elements (walls, columns);High flexibility for parametric editing;Support for coordination with other disciplines",Use as-is / Make only very minor changes,"Add missing references (i.e., non-structural grids)",20 - 30 mins,too dense,"Reasonable alignment with key structural elements (walls, columns)","Simplify overly dense areas (where too many lines create functional confusion);Add missing references (i.e., non-structural grids)","Simplify overly dense areas (where too many lines create functional confusion);Add missing references (i.e., structural grids);Add missing references (i.e., non-structural grids)",30 - 40 mins,A,"Reasonable alignment with key structural elements (walls, columns);High flexibility for parametric editing;Support for coordination with other disciplines","Use as-is / Make only very minor changes;Add missing references (i.e., non-structural grids)","Add missing references (i.e., structural grids);Add missing references (i.e., non-structural grids)",20 - 30 mins,A,"Reasonable alignment with key structural elements (walls, columns);High flexibility for parametric editing;Support for coordination with other disciplines",Use as-is / Make only very minor changes,"Add missing references (i.e., structural grids)",20 - 30 mins,A,"Reasonable alignment with key structural elements (walls, columns);High flexibility for parametric editing;Support for coordination with other disciplines",Use as-is / Make only very minor changes,"Add missing references (i.e., structural grids)",30 - 40 mins,B,"Reasonable alignment with key structural elements (walls, columns);Well-proportioned grid coverage;Minimal redundant grid lines;High flexibility for parametric editing;Support for coordination with other disciplines",Simplify overly dense areas (where too many lines create functional confusion);Reassign structural and non-structural grid roles where misclassified,"Use as-is / Make only very minor changes;Remove unnecessary grid lines (that do not align with key elements);Add missing references (i.e., structural grids)",40 -  60 mins,1,Excessive grid density;Misalignment with structural or spatial logic,2,2,3,1.Assist other designers to understand the design intent. 2.Combine some key data to better interact with other designers,It is recommended to set grid(s) and grid(n) separately so that they can be displayed separately as needed.
2025/05/19 9:31:46 am GMT-4,Architect,8–14 years,5,Australia,A,"Reasonable alignment with key structural elements (walls, columns);Well-proportioned grid coverage","Use as-is / Make only very minor changes;Add partial grids to support specific areas (e.g., service zones, irregular spaces)","Add missing references (i.e., non-structural grids);Add partial grids to support specific areas (e.g., service zones, irregular spaces)",10 - 20 mins,A,"Reasonable alignment with key structural elements (walls, columns);Well-proportioned grid coverage","Use as-is / Make only very minor changes;Add partial grids to support specific areas (e.g., service zones, irregular spaces)","Add missing references (i.e., non-structural grids);Add partial grids to support specific areas (e.g., service zones, irregular spaces)",20 - 30 mins,A,"Reasonable alignment with key structural elements (walls, columns);Well-proportioned grid coverage;High flexibility for parametric editing",Use as-is / Make only very minor changes,"Add missing references (i.e., non-structural grids)",20 - 30 mins,C,"Reasonable alignment with key structural elements (walls, columns);Well-proportioned grid coverage;Minimal redundant grid lines","Simplify overly dense areas (where too many lines create functional confusion);Add missing references (i.e., non-structural grids);Add partial grids to support specific areas (e.g., service zones, irregular spaces)","Simplify overly dense areas (where too many lines create functional confusion);Add missing references (i.e., non-structural grids)",20 - 30 mins,A,"Reasonable alignment with key structural elements (walls, columns);Well-proportioned grid coverage","Add missing references (i.e., structural grids);Add missing references (i.e., non-structural grids)","Add missing references (i.e., structural grids);Add missing references (i.e., non-structural grids)",20 - 30 mins,A,"Reasonable alignment with key structural elements (walls, columns);Well-proportioned grid coverage","Use as-is / Make only very minor changes;Add missing references (i.e., non-structural grids);Add partial grids to support specific areas (e.g., service zones, irregular spaces)","Add missing references (i.e., structural grids);Add missing references (i.e., non-structural grids);Add partial grids to support specific areas (e.g., service zones, irregular spaces)",20 - 30 mins,C,"Reasonable alignment with key structural elements (walls, columns);Well-proportioned grid coverage","Add missing references (i.e., non-structural grids);Add partial grids to support specific areas (e.g., service zones, irregular spaces)","Add missing references (i.e., non-structural grids);Add partial grids to support specific areas (e.g., service zones, irregular spaces)",20 - 30 mins,A,"Reasonable alignment with key structural elements (walls, columns);Well-proportioned grid coverage",Use as-is / Make only very minor changes,"Add missing references (i.e., non-structural grids)",30 - 40 mins,5,lack partial grids for small rooms.,2,2,2,"1. Draw grids from manual scratch at the beginning. 2. design adjustment and refinement. 3. Import 3D models/CAD from other sources (e.g., colleagues, design cases).","1. Double grid systems for structural elements and non-structural elements. Do not merge them. 2. Add short/partial grids for small-sizes room (e.g., equipment rooms, elevators). "
2025/05/19 11:41:57 am GMT-4,Architect,1–3 years,4,Germany,C,"Reasonable alignment with key structural elements (walls, columns)",Remove unnecessary grid lines (that do not align with key elements),Use as-is / Make only very minor changes,1 - 2 hours,B,"Reasonable alignment with key structural elements (walls, columns);Well-proportioned grid coverage",Remove unnecessary grid lines (that do not align with key elements);Simplify overly dense areas (where too many lines create functional confusion),Use as-is / Make only very minor changes,> 2 hours,A,"Reasonable alignment with key structural elements (walls, columns);Well-proportioned grid coverage",Use as-is / Make only very minor changes,"Use as-is / Make only very minor changes;Add missing references (i.e., structural grids)",1 - 2 hours,C,"Reasonable alignment with key structural elements (walls, columns);Well-proportioned grid coverage",Remove unnecessary grid lines (that do not align with key elements);Simplify overly dense areas (where too many lines create functional confusion);Reassign structural and non-structural grid roles where misclassified,Remove unnecessary grid lines (that do not align with key elements);Simplify overly dense areas (where too many lines create functional confusion);Reassign structural and non-structural grid roles where misclassified,> 2 hours,B,"Reasonable alignment with key structural elements (walls, columns);Well-proportioned grid coverage;Minimal redundant grid lines","Use as-is / Make only very minor changes;Add missing references (i.e., structural grids);Add missing references (i.e., non-structural grids)","Remove unnecessary grid lines (that do not align with key elements);Add missing references (i.e., structural grids);Reassign structural and non-structural grid roles where misclassified",1 - 2 hours,B,"Reasonable alignment with key structural elements (walls, columns);Well-proportioned grid coverage","Use as-is / Make only very minor changes;Add missing references (i.e., non-structural grids);Reassign structural and non-structural grid roles where misclassified","Use as-is / Make only very minor changes;Add missing references (i.e., non-structural grids)",1 - 2 hours,B,"Reasonable alignment with key structural elements (walls, columns);Well-proportioned grid coverage","Add missing references (i.e., non-structural grids);Reassign structural and non-structural grid roles where misclassified","Add missing references (i.e., non-structural grids)",> 2 hours,A,"Reasonable alignment with key structural elements (walls, columns)",Simplify overly dense areas (where too many lines create functional confusion);Reassign structural and non-structural grid roles where misclassified,"Add missing references (i.e., non-structural grids);Reassign structural and non-structural grid roles where misclassified",> 2 hours,5,Excessive grid density;Missing key reference anchors,3,2,3,"I believe it is very useful in all cases to see suggested grid lines, as it saves time. For Manhattan-type projects, the grids mostly fit well since the model is not complicated. Designers can check and easily update them with minor changes if necessary. However, in more complex projects, trying to understand the grids might also take time and cause confusion. Still, I believe it generally saves time compared to creating them from scratch.","When the tool creates them, it would be helpful to easily adjust their positions directly from the suggested version, as well as remove some of them or add new ones if needed."
2025/05/19 12:03:47 pm GMT-4,Architect,1–3 years,4,Germany,C,"Reasonable alignment with key structural elements (walls, columns);Well-proportioned grid coverage;Minimal redundant grid lines;High flexibility for parametric editing",Simplify overly dense areas (where too many lines create functional confusion),Use as-is / Make only very minor changes,20 - 30 mins,B,"Reasonable alignment with key structural elements (walls, columns);Well-proportioned grid coverage;High flexibility for parametric editing",Use as-is / Make only very minor changes;Remove unnecessary grid lines (that do not align with key elements),Use as-is / Make only very minor changes,30 - 40 mins,C,"Reasonable alignment with key structural elements (walls, columns);Well-proportioned grid coverage;Minimal redundant grid lines;High flexibility for parametric editing",Use as-is / Make only very minor changes;Remove unnecessary grid lines (that do not align with key elements),Use as-is / Make only very minor changes,10 - 20 mins,Over dense grid options,Well-proportioned grid coverage;Minimal redundant grid lines,"Remove unnecessary grid lines (that do not align with key elements);Simplify overly dense areas (where too many lines create functional confusion);Add partial grids to support specific areas (e.g., service zones, irregular spaces);Reassign structural and non-structural grid roles where misclassified","Remove unnecessary grid lines (that do not align with key elements);Simplify overly dense areas (where too many lines create functional confusion);Add partial grids to support specific areas (e.g., service zones, irregular spaces);Reassign structural and non-structural grid roles where misclassified",1 - 2 hours,A,"Reasonable alignment with key structural elements (walls, columns);Well-proportioned grid coverage;Minimal redundant grid lines","Add missing references (i.e., structural grids);Add partial grids to support specific areas (e.g., service zones, irregular spaces)","Add missing references (i.e., structural grids);Add partial grids to support specific areas (e.g., service zones, irregular spaces)",30 - 40 mins,B,"Reasonable alignment with key structural elements (walls, columns);Well-proportioned grid coverage;Minimal redundant grid lines;High flexibility for parametric editing",Simplify overly dense areas (where too many lines create functional confusion),Use as-is / Make only very minor changes,30 - 40 mins,B,"Reasonable alignment with key structural elements (walls, columns);Well-proportioned grid coverage;Minimal redundant grid lines",Simplify overly dense areas (where too many lines create functional confusion),Use as-is / Make only very minor changes,20 - 30 mins,Over dense grids,Well-proportioned grid coverage;Minimal redundant grid lines,Remove unnecessary grid lines (that do not align with key elements);Simplify overly dense areas (where too many lines create functional confusion);Reassign structural and non-structural grid roles where misclassified,"Add missing references (i.e., structural grids);Reassign structural and non-structural grid roles where misclassified",1 - 2 hours,4,Excessive grid density;Uneven spatial distribution,3,2,4,Analyzing existing building's layout and structure in a fast way,None.
2025/05/20 8:54:41 am GMT-4,BIM Manager / BIM Coordinator,4–7 years,5,Germany,C,"Reasonable alignment with key structural elements (walls, columns);Well-proportioned grid coverage",Remove unnecessary grid lines (that do not align with key elements),Simplify overly dense areas (where too many lines create functional confusion),1 - 2 hours,B,"Reasonable alignment with key structural elements (walls, columns);Well-proportioned grid coverage",Remove unnecessary grid lines (that do not align with key elements),Simplify overly dense areas (where too many lines create functional confusion),1 - 2 hours,B,"Reasonable alignment with key structural elements (walls, columns);Well-proportioned grid coverage",Remove unnecessary grid lines (that do not align with key elements);Simplify overly dense areas (where too many lines create functional confusion),Simplify overly dense areas (where too many lines create functional confusion),1 - 2 hours,B,Minimal redundant grid lines,Remove unnecessary grid lines (that do not align with key elements);Simplify overly dense areas (where too many lines create functional confusion),Remove unnecessary grid lines (that do not align with key elements);Simplify overly dense areas (where too many lines create functional confusion),1 - 2 hours,B,Well-proportioned grid coverage;Minimal redundant grid lines,Remove unnecessary grid lines (that do not align with key elements);Simplify overly dense areas (where too many lines create functional confusion),Remove unnecessary grid lines (that do not align with key elements);Simplify overly dense areas (where too many lines create functional confusion),1 - 2 hours,C,Well-proportioned grid coverage;Minimal redundant grid lines,Remove unnecessary grid lines (that do not align with key elements);Simplify overly dense areas (where too many lines create functional confusion),Remove unnecessary grid lines (that do not align with key elements);Simplify overly dense areas (where too many lines create functional confusion),1 - 2 hours,B,Well-proportioned grid coverage;Minimal redundant grid lines,Remove unnecessary grid lines (that do not align with key elements);Simplify overly dense areas (where too many lines create functional confusion),Simplify overly dense areas (where too many lines create functional confusion),1 - 2 hours,B,"Reasonable alignment with key structural elements (walls, columns);Well-proportioned grid coverage;Minimal redundant grid lines",Remove unnecessary grid lines (that do not align with key elements);Simplify overly dense areas (where too many lines create functional confusion);Reassign structural and non-structural grid roles where misclassified,Use as-is / Make only very minor changes;Reassign structural and non-structural grid roles where misclassified,> 2 hours,5,Excessive grid density,2,3,3,"the process of grid generation takes a minimum amount of time for the steps mentioned, its very important to get this automation but with minimum complexity. The time taken by the original desginer and the time taken by a user and the time taken by a designer wo takes up the renewal or renovation will be different and therefore the less the complexity the less time it takes to work with the model.","the idea is good generally but i would reccomend to reduce the complexity of grids and use minimal functions considering that its automatically generated , more lines can be added if needed but deleting excessive grids is in my opinion not neeeded."
2025/05/20 2:07:24 pm GMT-4,Architect,4–7 years,4,China,A,"Reasonable alignment with key structural elements (walls, columns);Well-proportioned grid coverage;Minimal redundant grid lines;High flexibility for parametric editing;Support for coordination with other disciplines",Use as-is / Make only very minor changes,"Add missing references (i.e., non-structural grids)",10 - 20 mins,B,"Reasonable alignment with key structural elements (walls, columns);Well-proportioned grid coverage;Minimal redundant grid lines;High flexibility for parametric editing;Support for coordination with other disciplines",Remove unnecessary grid lines (that do not align with key elements);Simplify overly dense areas (where too many lines create functional confusion),Use as-is / Make only very minor changes,20 - 30 mins,A,"Reasonable alignment with key structural elements (walls, columns);Well-proportioned grid coverage;Minimal redundant grid lines;High flexibility for parametric editing;Support for coordination with other disciplines",Use as-is / Make only very minor changes,"Add missing references (i.e., non-structural grids)",10 - 20 mins,A,"Reasonable alignment with key structural elements (walls, columns);Support for coordination with other disciplines",Remove unnecessary grid lines (that do not align with key elements),"Remove unnecessary grid lines (that do not align with key elements);Add missing references (i.e., structural grids)",30 - 40 mins,A,"Reasonable alignment with key structural elements (walls, columns);Well-proportioned grid coverage;Support for coordination with other disciplines","Add missing references (i.e., structural grids)","Add missing references (i.e., structural grids)",10 - 20 mins,B,"Reasonable alignment with key structural elements (walls, columns);Well-proportioned grid coverage;Minimal redundant grid lines","Remove unnecessary grid lines (that do not align with key elements);Add missing references (i.e., structural grids)","Add missing references (i.e., structural grids)",20 - 30 mins,B,"Reasonable alignment with key structural elements (walls, columns);Well-proportioned grid coverage;Minimal redundant grid lines",Remove unnecessary grid lines (that do not align with key elements);Simplify overly dense areas (where too many lines create functional confusion),Use as-is / Make only very minor changes,10 - 20 mins,B,"Reasonable alignment with key structural elements (walls, columns);Well-proportioned grid coverage;Minimal redundant grid lines",Remove unnecessary grid lines (that do not align with key elements);Simplify overly dense areas (where too many lines create functional confusion),Reassign structural and non-structural grid roles where misclassified,30 - 40 mins,5,Excessive grid density;Missing key reference anchors,3,2,3,suggest grid options depending on the plot and program,the grid is normally a step before the structure.
2025/05/21 10:38:40 am GMT-4,BIM Manager / BIM Coordinator,8–14 years,5,France,A,"Reasonable alignment with key structural elements (walls, columns);High flexibility for parametric editing;Support for coordination with other disciplines",Use as-is / Make only very minor changes,"Add missing references (i.e., structural grids)",20 - 30 mins,A,"Reasonable alignment with key structural elements (walls, columns);High flexibility for parametric editing;Support for coordination with other disciplines","Add missing references (i.e., structural grids)","Add missing references (i.e., structural grids);Add missing references (i.e., non-structural grids)",20 - 30 mins,A,"Reasonable alignment with key structural elements (walls, columns);High flexibility for parametric editing;Support for coordination with other disciplines",Use as-is / Make only very minor changes,"Add missing references (i.e., non-structural grids)",20 - 30 mins,cut the grids,visibility,Simplify overly dense areas (where too many lines create functional confusion),Simplify overly dense areas (where too many lines create functional confusion),30 - 40 mins,A,"Reasonable alignment with key structural elements (walls, columns);High flexibility for parametric editing;Support for coordination with other disciplines",Use as-is / Make only very minor changes,"Add missing references (i.e., structural grids)",20 - 30 mins,add grids,missing references,"Add missing references (i.e., structural grids)","Add missing references (i.e., structural grids)",20 - 30 mins,A,"Reasonable alignment with key structural elements (walls, columns);Well-proportioned grid coverage",Use as-is / Make only very minor changes,"Add missing references (i.e., structural grids)",20 - 30 mins,B,"Reasonable alignment with key structural elements (walls, columns);Well-proportioned grid coverage",Simplify overly dense areas (where too many lines create functional confusion),"Add missing references (i.e., structural grids)",30 - 40 mins,5,No issues observed,2,2,3,"Rapid prototyping, mesh refinement","Make the inclined axes shorter, not crossing the entire plane."
2025/05/21 2:09:06 pm GMT-4,Architect,1–3 years,5,Germany,C,"Reasonable alignment with key structural elements (walls, columns);Well-proportioned grid coverage;Minimal redundant grid lines",Remove unnecessary grid lines (that do not align with key elements),Use as-is / Make only very minor changes,10 - 20 mins,A,"Reasonable alignment with key structural elements (walls, columns);Minimal redundant grid lines;High flexibility for parametric editing",Remove unnecessary grid lines (that do not align with key elements);Simplify overly dense areas (where too many lines create functional confusion);Reassign structural and non-structural grid roles where misclassified,Simplify overly dense areas (where too many lines create functional confusion);Reassign structural and non-structural grid roles where misclassified,20 - 30 mins,C,"Reasonable alignment with key structural elements (walls, columns);Well-proportioned grid coverage;Minimal redundant grid lines;Support for coordination with other disciplines",Remove unnecessary grid lines (that do not align with key elements),Use as-is / Make only very minor changes,0 - 10 mins,"I would use option B and add partial grids to support specific areas (e.g., service zones, irregular spaces)","Reasonable alignment with key structural elements (walls, columns);Minimal redundant grid lines",I would not use it,Remove unnecessary grid lines (that do not align with key elements);Simplify overly dense areas (where too many lines create functional confusion);Reassign structural and non-structural grid roles where misclassified;Shorten some diagonal grids to the relevant area,20 - 30 mins,A,"Reasonable alignment with key structural elements (walls, columns)","Add missing references (i.e., structural grids)","Add missing references (i.e., non-structural grids)",0 - 10 mins,B,"Reasonable alignment with key structural elements (walls, columns);High flexibility for parametric editing;Support for coordination with other disciplines","Add missing references (i.e., non-structural grids);Reassign structural and non-structural grid roles where misclassified","Add missing references (i.e., non-structural grids);for non-structural I usually add a group of dimentions pinned to structural grids. I rarely do non-structural grids. It complicates the drawing",10 - 20 mins,"Case A has mostly suitable alignmentwith structural, but non-structural grids are a bit random.",Minimal redundant grid lines,"Remove unnecessary grid lines (that do not align with key elements);Add missing references (i.e., non-structural grids);Add partial grids to support specific areas (e.g., service zones, irregular spaces)","Add missing references (i.e., structural grids);Add partial grids to support specific areas (e.g., service zones, irregular spaces)",10 - 20 mins,B,"Reasonable alignment with key structural elements (walls, columns);Well-proportioned grid coverage;Minimal redundant grid lines","Remove unnecessary grid lines (that do not align with key elements);Simplify overly dense areas (where too many lines create functional confusion);Add partial grids to support specific areas (e.g., service zones, irregular spaces);I do not like the building structure. Some columns are located really weird, which makes placement of vertical grids challenging.","Add missing references (i.e., non-structural grids);Add partial grids to support specific areas (e.g., service zones, irregular spaces);Reassign structural and non-structural grid roles where misclassified",20 - 30 mins,5,Excessive grid density,3,2,4,"While getting a model from subcontractor and setting up your own work to rearrange something in ready made building.
It can be also helpful while considering different design options in early project stages.",It could be nice if they had tags and also are this grids an ajustable Revit component (or any other BIMtool) ar these are just JPEG images.
2025/05/22 12:04:08 pm GMT-4,BIM Manager / BIM Coordinator,8–14 years,4,France ,C,"Reasonable alignment with key structural elements (walls, columns);Well-proportioned grid coverage;Minimal redundant grid lines","Use as-is / Make only very minor changes;no need to have the blue grid, regarding the distance between the walls, the walls for the blue grid should not be strutural ","Use as-is / Make only very minor changes;i will may be just add one blue grid for the extremity wall on the left, just to make it easier for the distance ","30 - 40 mins;i will need to identify the structural elements, create a color filter on view plan and 3D view to help me identify them and start placing grid making sure they are attached to the walls.",B,"Reasonable alignment with key structural elements (walls, columns);Well-proportioned grid coverage;Minimal redundant grid lines",Remove unnecessary grid lines (that do not align with key elements),Use as-is / Make only very minor changes,30 - 40 mins,C,"Reasonable alignment with key structural elements (walls, columns);Well-proportioned grid coverage;Minimal redundant grid lines","Remove unnecessary grid lines (that do not align with key elements);(The blue line can be useful, but it's not necessary for me, if we still use grids only for structural elements) ",Use as-is / Make only very minor changes,30 - 40 mins,"If the structural elements are the box inside so the option B is better but not complete, and if it's the external walls, so the option C is better but too much detailed i think; so i will choose the B and complete it or take the C and delete some grids ","i choose none of them, because some of them is too detailed and the other have missing key elements ",Simplify overly dense areas (where too many lines create functional confusion),Simplify overly dense areas (where too many lines create functional confusion),40 -  60 mins,i will take the A and add a horizontal grid for the column in the triangle part ,"Reasonable alignment with key structural elements (walls, columns);Well-proportioned grid coverage;Minimal redundant grid lines","Add missing references (i.e., structural grids);Add grids for the column in the triangle ","Add missing references (i.e., structural grids)",20 - 30 mins,B,"Reasonable alignment with key structural elements (walls, columns);Well-proportioned grid coverage;Minimal redundant grid lines",Remove unnecessary grid lines (that do not align with key elements),Use as-is / Make only very minor changes,20 - 30 mins,B,"Reasonable alignment with key structural elements (walls, columns);Well-proportioned grid coverage;Minimal redundant grid lines",Remove unnecessary grid lines (that do not align with key elements),"Add missing references (i.e., non-structural grids);blue line for the column ",20 - 30 mins,B,"Reasonable alignment with key structural elements (walls, columns);Well-proportioned grid coverage;Minimal redundant grid lines",Remove unnecessary grid lines (that do not align with key elements);Simplify overly dense areas (where too many lines create functional confusion),Use as-is / Make only very minor changes;some grids are not placed on the axes of the elements such us the column ,30 - 40 mins,4,Excessive grid density;Misalignment with structural or spatial logic;Missing key reference anchors,3,2,3,"i think it's interesting to can generate automatically grids on strutural elements, first to recreat the missing due to the lost of information when you export in IFC format, and also to study different kind of structure for building : Wall and slabs, or Column and slabs, or Internal wall, or exteranal walls .. so it could be also a good tool during conception phase.","As said before the tool could be also interesting to use during conception phase to study different kind of structure for a building, other improvement the place in the axis of the elements (like columns or walls)"
2025/05/24 10:48:29 am GMT-4,Structural Engineer,4–7 years,5,Germany,C,"Reasonable alignment with key structural elements (walls, columns);Well-proportioned grid coverage",Use as-is / Make only very minor changes;Remove unnecessary grid lines (that do not align with key elements),Remove unnecessary grid lines (that do not align with key elements),0 - 10 mins,B,"Reasonable alignment with key structural elements (walls, columns);Well-proportioned grid coverage;Minimal redundant grid lines;flexibile for parametric design",Remove unnecessary grid lines (that do not align with key elements);Simplify overly dense areas (where too many lines create functional confusion),Remove unnecessary grid lines (that do not align with key elements);Simplify overly dense areas (where too many lines create functional confusion),10 - 20 mins,C,"Reasonable alignment with key structural elements (walls, columns);Well-proportioned grid coverage;Minimal redundant grid lines;High flexibility for parametric editing",Remove unnecessary grid lines (that do not align with key elements);Simplify overly dense areas (where too many lines create functional confusion),Remove unnecessary grid lines (that do not align with key elements);Simplify overly dense areas (where too many lines create functional confusion),10 - 20 mins,Alignment for structural elements,"Reasonable alignment with key structural elements (walls, columns);Well-proportioned grid coverage;Minimal redundant grid lines;High flexibility for parametric editing;Support for coordination with other disciplines",Remove unnecessary grid lines (that do not align with key elements);Simplify overly dense areas (where too many lines create functional confusion),Remove unnecessary grid lines (that do not align with key elements);Simplify overly dense areas (where too many lines create functional confusion),10 - 20 mins,A,"Reasonable alignment with key structural elements (walls, columns);Well-proportioned grid coverage;Minimal redundant grid lines;High flexibility for parametric editing;Support for coordination with other disciplines",Use as-is / Make only very minor changes,"Add missing references (i.e., structural grids);Add missing references (i.e., non-structural grids);Add partial grids to support specific areas (e.g., service zones, irregular spaces)",0 - 10 mins,B,"Reasonable alignment with key structural elements (walls, columns);Well-proportioned grid coverage;Minimal redundant grid lines;High flexibility for parametric editing;Support for coordination with other disciplines",Remove unnecessary grid lines (that do not align with key elements);Simplify overly dense areas (where too many lines create functional confusion),Use as-is / Make only very minor changes,10 - 20 mins,A,"Reasonable alignment with key structural elements (walls, columns);Well-proportioned grid coverage;Minimal redundant grid lines;High flexibility for parametric editing;Support for coordination with other disciplines",Use as-is / Make only very minor changes,"Add missing references (i.e., structural grids)",10 - 20 mins,B,"Reasonable alignment with key structural elements (walls, columns);Well-proportioned grid coverage;Minimal redundant grid lines;High flexibility for parametric editing;Support for coordination with other disciplines",Remove unnecessary grid lines (that do not align with key elements);Simplify overly dense areas (where too many lines create functional confusion),Use as-is / Make only very minor changes,20 - 30 mins,4,Architectural openings not considered;Excessive grid density;Misalignment with structural or spatial logic;Uneven spatial distribution,4,4,4,"Grid automation may be affected by large-scale projects (like the Mall of Saudi Arabia, for example, 261,000 square meters); otherwise, as mentioned, it's not relatively important for small-scale projects. However, I would say that grid determination is relative to the designer's experience, so the same design might have 200 grids or 202 grids, and both are right. What is most important is that the grids cover the requirements, such as assigning column locations to the grid, so the distance between columns and the grid should not extend more than a specific value, so it would be easier later to handle the model.","I would recommend using AI to gather the data from already done projects to get a suitable pattern of aligning the grids with elements, not a specific algorithm to code."
2025/05/24 11:57:24 am GMT-4,Structural Engineer,1–3 years,5,Germany,A,Well-proportioned grid coverage;High flexibility for parametric editing;Support for coordination with other disciplines,Remove unnecessary grid lines (that do not align with key elements);Simplify overly dense areas (where too many lines create functional confusion),Use as-is / Make only very minor changes,1 - 2 hours,B,"Reasonable alignment with key structural elements (walls, columns);Well-proportioned grid coverage;Minimal redundant grid lines",Use as-is / Make only very minor changes;Remove unnecessary grid lines (that do not align with key elements);Simplify overly dense areas (where too many lines create functional confusion),"Add missing references (i.e., structural grids);Add missing references (i.e., non-structural grids)",40 -  60 mins,C,"Reasonable alignment with key structural elements (walls, columns);Well-proportioned grid coverage;High flexibility for parametric editing",Remove unnecessary grid lines (that do not align with key elements),Use as-is / Make only very minor changes,40 -  60 mins,C,"Reasonable alignment with key structural elements (walls, columns);Well-proportioned grid coverage",Remove unnecessary grid lines (that do not align with key elements);Simplify overly dense areas (where too many lines create functional confusion),Use as-is / Make only very minor changes,1 - 2 hours,B,"Reasonable alignment with key structural elements (walls, columns);Well-proportioned grid coverage;Support for coordination with other disciplines",Simplify overly dense areas (where too many lines create functional confusion),"Add missing references (i.e., structural grids)",40 -  60 mins,B,"Reasonable alignment with key structural elements (walls, columns);Well-proportioned grid coverage",Remove unnecessary grid lines (that do not align with key elements);Reassign structural and non-structural grid roles where misclassified,Use as-is / Make only very minor changes,40 -  60 mins,B,"Reasonable alignment with key structural elements (walls, columns);Well-proportioned grid coverage",Simplify overly dense areas (where too many lines create functional confusion),"Add missing references (i.e., structural grids)",40 -  60 mins,B,Well-proportioned grid coverage;High flexibility for parametric editing,Simplify overly dense areas (where too many lines create functional confusion),Remove unnecessary grid lines (that do not align with key elements);Reassign structural and non-structural grid roles where misclassified,1 - 2 hours,4,Architectural openings not considered;Excessive grid density;Misalignment with structural or spatial logic,3,2,3,Parametrization of the model for rapid geometric adaptation according to inputs from other disciplines,None.
